{
  "metrics_neurofuzzy": {
    "overall_mae": 0.0013088978253883688,
    "overall_rmse": 0.018132405689782343,
    "overall_r2": 0.22862818293425125,
    "voltage_mae": 0.00033658274118516943,
    "voltage_rmse": 0.00309178390555646,
    "voltage_mape": 0.03477360356353803,
    "voltage_max_error": 0.082241595254259,
    "voltage_r2": 0.4747179587428262,
    "angle_mae": 0.0022812129095915686,
    "angle_rmse": 0.025456023736613778,
    "angle_max_error": 0.995473324606519,
    "angle_r2": 0.27739731068924,
    "per_bus_voltage_mae": [
      6.929844620362501e-11,
      4.267848327173418e-05,
      0.00010140630192929134,
      0.00014111718602037503,
      0.00019272279937070658,
      0.00025507570440170743,
      0.00028030205038284597,
      0.00040972405173794843,
      0.0004671099484878021,
      0.000509522474146043,
      0.0005245745225034896,
      0.0005274668531119665,
      0.0006378680930937276,
      0.000610302610028021,
      0.0006882271752262642,
      0.0006976226963248125,
      0.0007031817447464441,
      0.0007158553801547218,
      5.252825343670675e-05,
      7.758240454595888e-05,
      8.358497614537841e-05,
      9.749550616289992e-05,
      0.00013079235040441506,
      0.00017840278340380044,
      0.00017186831431484928,
      0.0002672450423288685,
      0.00029055769777850294,
      0.00033707536475352284,
      0.00033575908395970576,
      0.0003721841813375818,
      0.0004077962043324138,
      0.0003802743885365881,
      0.0004193257634330517
    ],
    "per_bus_voltage_rmse": [
      4.845784825540052e-10,
      0.00018267008632433314,
      0.0007171300952115868,
      0.0010655911221765862,
      0.0013596369864498498,
      0.0020625911452329206,
      0.0022679594437002926,
      0.003154699587454298,
      0.0035666855559127013,
      0.003968688310035298,
      0.00401453810612658,
      0.004029177403408444,
      0.004702842195003656,
      0.004912784940654425,
      0.005194676586860586,
      0.005127978549925942,
      0.0054992607274710805,
      0.005557564703088653,
      0.00020236036242021911,
      0.00036085941031782176,
      0.00040123996895012105,
      0.0004521399234842286,
      0.0009051660496018621,
      0.0012640920284186657,
      0.0013787227525413111,
      0.002127549719565913,
      0.002296883948268864,
      0.002593809076378433,
      0.0028382639024850157,
      0.0030511793273212064,
      0.0032268543610175122,
      0.0032593186940971285,
      0.003361487932540115
    ],
    "per_bus_angle_mae": [
      3.007192128197406e-11,
      0.00014509619771812485,
      0.00035338170213376356,
      0.0005889572020967596,
      0.0007189150670357961,
      0.0008051268513313691,
      0.002054140826787466,
      0.0028282628918281996,
      0.0036099252870936704,
      0.00401434941244169,
      0.003912615275061976,
      0.0040052642298311104,
      0.004904460057635848,
      0.005471563470493168,
      0.0057691492873386836,
      0.0059971279685928115,
      0.007504624364167478,
      0.0073224464873107645,
      0.00022416118092747782,
      0.000712410437015307,
      0.00089675665943036,
      0.0010324068315133268,
      0.00024140079832966132,
      0.0005329474671394975,
      0.0006353906619152413,
      0.0007941430098484582,
      0.0008860494320343857,
      0.0012117376240530272,
      0.00145954380011337,
      0.0016125757592137778,
      0.0016105833410665813,
      0.001771382767926744,
      0.0016531296370239554
    ],
    "per_bus_angle_rmse": [
      3.2469590597920393e-10,
      0.0007335019688294237,
      0.0024145731447153774,
      0.004538042551935571,
      0.0061406164643963285,
      0.007529277843332542,
      0.016971815216796107,
      0.023384406055888814,
      0.02947698828657306,
      0.03254510738710781,
      0.031905290124615966,
      0.031873524471698673,
      0.03945465179164178,
      0.04413236778886908,
      0.04675393289431463,
      0.04738398647711019,
      0.057345372942545735,
      0.05885004516756616,
      0.0016715581510230108,
      0.005285640331331794,
      0.006693105323618513,
      0.007477616841945118,
      0.001401514686201433,
      0.004555905726434214,
      0.0060927140821034585,
      0.00762422137228157,
      0.008450672481630657,
      0.012045309666440051,
      0.014768233940810366,
      0.016318264910078022,
      0.015951355684223102,
      0.01721866894089245,
      0.016660224059784234
    ]
  },
  "metrics_baseline": {
    "overall_mae": 0.0013877946414957744,
    "overall_rmse": 0.021226476732701345,
    "overall_r2": 0.15315878314884473,
    "voltage_mae": 0.000373466318643555,
    "voltage_rmse": 0.0036622914176643066,
    "voltage_mape": 0.038539256045637835,
    "voltage_max_error": 0.1298534569815486,
    "voltage_r2": 0.2629786183347622,
    "angle_mae": 0.002402122964347993,
    "angle_rmse": 0.029794533903720083,
    "angle_max_error": 1.4261618004018812,
    "angle_r2": 0.010099301460737009,
    "per_bus_voltage_mae": [
      3.833600736857789e-11,
      3.883039205719707e-05,
      0.00011587958145233057,
      0.00016724405583595924,
      0.00020320461571807856,
      0.00030216039821819984,
      0.0003422317008411704,
      0.0004575932158281766,
      0.0005106949311965207,
      0.0005703569709393324,
      0.0006037584302114438,
      0.0005944608543206655,
      0.0006804732651815621,
      0.0007175739751565971,
      0.0007067405379905739,
      0.0007693597751325456,
      0.0007587806308544125,
      0.0007973181696895007,
      5.3179843711478544e-05,
      7.965617976899508e-05,
      8.419096121841773e-05,
      9.020570781176629e-05,
      0.00013205957697307413,
      0.00016284385745947815,
      0.00017890453068589062,
      0.0003093085735352928,
      0.0003238726946731184,
      0.00038051685428241777,
      0.00041341832144143465,
      0.000411065298947774,
      0.0004369631833933367,
      0.00046166069821397527,
      0.0004698806941605913
    ],
    "per_bus_voltage_rmse": [
      3.0088438785259535e-10,
      0.00019618250540089858,
      0.0008112574038071872,
      0.001217755860985017,
      0.0015423312235329568,
      0.0024697826620199525,
      0.0027074104370475357,
      0.0038866485929756733,
      0.004204772771764886,
      0.00450649001092565,
      0.004991216534562658,
      0.00480997346299356,
      0.005749885342803201,
      0.006247662293528498,
      0.005880593170204887,
      0.0064919431841249445,
      0.006237742868061145,
      0.006704476153766797,
      0.0002494242458195768,
      0.00043960097328186657,
      0.00047174850376665293,
      0.0005765304121374968,
      0.0009800224651691472,
      0.0012920928378289006,
      0.001454150236885691,
      0.002373393949375613,
      0.002567433338025927,
      0.0029970087021839315,
      0.003328505376191136,
      0.003385801120991144,
      0.003628850443603693,
      0.0037091887596182945,
      0.0038165494592236095
    ],
    "per_bus_angle_mae": [
      7.82036355127548e-11,
      0.00011310498557241214,
      0.00031167693461433047,
      0.0005137556398138646,
      0.0006806316589301611,
      0.0007585072816325837,
      0.002212185145263898,
      0.0033384203539871117,
      0.003938553364288879,
      0.0046218796482000194,
      0.004379279194945205,
      0.004308961642176714,
      0.0052692682975294045,
      0.005921722014963365,
      0.006343641672997981,
      0.006434863786979355,
      0.0073319323353359354,
      0.008204511692751427,
      0.00024804895384302573,
      0.0007903588581689899,
      0.0009546977541428314,
      0.0011619717764270903,
      0.00019928004077715862,
      0.0004986105914840662,
      0.0006370865860587487,
      0.0007388995560376067,
      0.000772983446839967,
      0.0009708780217658356,
      0.0012242679698767013,
      0.0012817434953396511,
      0.0015358841389667352,
      0.001676123159109013,
      0.0018963277464600784
    ],