{
  "neurofuzzy": {
    "train_loss": [
      2.323281524348117,
      1.8370209792628884,
      1.9906454497637849,
      1.4910819141105527,
      1.7009591863727167,
      1.1182523667812347,
      1.3079591319667145,
      1.3577254647352097,
      1.2365701671704532,
      0.9679582427765819,
      0.9209738411009312,
      1.1095908907914742,
      0.8700720012439267,
      0.8867055011270124,
      0.9988883802563779,
      0.8455855037928337,
      0.810531332268424,
      0.7557287651321126,
      0.628777460882529,
      0.7221689000467045,
      0.6695869963926574,
      0.538808096155879,
      0.6307609619328841,
      0.5160602445913745,
      0.5221073344379427,
      0.5366911560053095,
      0.5794730694254949,
      0.6002150377524751,
      0.6900877048379727,
      0.4946066161085452,
      0.5577795863085028,
      0.5084657567952361,
      0.4551653034711582,
      0.5291594334781938,
      0.44859025687614956,
      0.47034441346176975,
      0.5111171974364431,
      0.4843480394827941,
      0.5711904527131646,
      0.43099568293814267,
      0.3926236550878024,
      0.4080339794431532,
      0.351644775941081,
      0.4045389515332996,
      0.37799576611538965,
      0.3672215776159502,
      0.36220454879193786,
      0.38479891112296
    ],
    "val_loss": [
      4.927223907900043,
      5.300104198569898,
      5.205071987002157,
      5.054736655409215,
      4.4043585817853455,
      3.5005264077626634,
      2.1592037818190875,
      2.948802057944704,
      3.2047626415878767,
      1.8755629816150758,
      2.1976681900268886,
      2.5115077709342586,
      2.763270669223857,
      2.1020957075088518,
      2.313329132106446,
      2.308846811465628,
      2.0418526121793548,
      2.554002296164981,
      1.87650479801232,
      1.9579445027993643,
      2.051099832257023,
      1.8614041832697694,
      1.9166540873629856,
      2.193571286967199,
      1.892654946874245,
      1.8016435373392596,
      1.8593393346236553,
      1.9619575066462858,
      1.7572474997723475,
      2.1278309996050666,
      1.752064268264803,
      1.5796757718271692,
      1.5478134873847011,
      1.6184702562968596,
      1.9389660169981653,
      1.6369606294611003,
      1.676053587863862,
      2.131048943498172,
      1.8333111559186364,
      1.6872017354726268,
      1.7750078395547462,
      1.926414111025224,
      1.8965832592439256,
      1.6971323940670118,
      1.8244328515938832,
      1.7328579745444586,
      1.6972300791239832,
      1.6972428778244648
    ],
    "learning_rate": [
      0.001,
      0.001,
      0.001,
      0.001,
      0.001,
      0.001,
      0.001,
      0.001,
      0.001,
      0.001,
      0.001,
      0.001,
      0.001,
      0.001,
      0.001,
      0.0005,
      0.0005,
      0.0005,
      0.0005,
      0.0005,
      0.0005,
      0.0005,
      0.0005,
      0.0005,
      0.0005,
      0.0005,
      0.0005,
      0.0005,
      0.0005,
      0.0005,
      0.0005,
      0.0005,
      0.0005,
      0.0005,
      0.0005,
      0.0005,
      0.0005,
      0.0005,
      0.00025,
      0.00025,
      0.00025,
      0.00025,
      0.00025,
      0.00025,
      0.000125,
      0.000125,
      0.000125,
      0.000125
    ],
    "epoch_time": [
      0.11365413665771484,
      0.0783238410949707,
      0.07675290107727051,
      0.07693696022033691,
      0.07670116424560547,
      0.07812786102294922,
      0.07700371742248535,
      0.07610893249511719,
      0.07623910903930664,
      0.07596588134765625,
      0.07990813255310059,
      0.07665109634399414,
      0.07612800598144531,
      0.07585692405700684,
      0.07640695571899414,
      0.07727479934692383,
      0.07619404792785645,
      0.07584691047668457,
      0.07593107223510742,
      0.0758969783782959,
      0.0777289867401123,
      0.07593607902526855,
      0.07577705383300781,
      0.0760200023651123,
      0.0759742259979248,
      0.07765674591064453,
      0.07622313499450684,
      0.07559800148010254,
      0.07589411735534668,
      0.07618308067321777,
      0.07821011543273926,
      0.0759880542755127,
      0.0756230354309082,
      0.07707905769348145,
      0.0763540267944336,
      0.07787919044494629,
      0.07642602920532227,
      0.07562398910522461,
      0.07644081115722656,
      0.07606005668640137,
      0.07748770713806152,
      0.07604002952575684,
      0.07610893249511719,
      0.07591986656188965,
      0.07567310333251953,
      0.07697796821594238,
      0.07638978958129883,
      0.07598519325256348
    ]
  },
  "baseline": {
    "train_loss": [
      2.41642314680512,
      1.722258493636868,
      1.7285851423909504,
      1.5617376311667381,
      1.3803925298095223,
      1.7102383982892784,
      1.7097569266925492,
      1.3746676993711542,
      1.0846683478226797,
      1.3248521423721242,
      1.2023689240616346,
      0.9560425991029848,
      1.0559461776884125,
      1.0009186404705461,
      0.9948478032657433,
      0.903540407924632,
      1.0755790329227846,
      0.8717606041713485,
      0.8598600632828911,
      0.6706175774905003,
      0.899758707613699,
      0.7851120345701005,
      0.7687857159346875,
      0.6446845364786448,
      0.7430309530805855,
      0.7116514919621367,
      0.8557775014131848,
      0.6294115226409058,
      0.7405182465925695,
      0.655985559325754,
      0.6997211683940675,
      0.6316549178981592,
      0.7024108543844213,
      0.6263590020752172,
      0.6305457453598224,
      0.6322339938007413
    ],
    "val_loss": [
      4.3615459927823395,
      2.3344269782683114,
      4.874796940697706,
      2.4661653729126556,
      5.444036032917211,
      3.343584918991837,
      5.238303225822165,
      2.6576331388787366,
      2.346044839207025,
      2.880386911070673,
      2.1875360828416888,
      2.417737616786326,
      2.7974556027475046,
      3.01528605864587,
      2.482055789230799,
      3.651622782126651,
      3.462198550652829,
      2.6024625375430332,
      2.760224966419628,
      2.981559197171009,
      1.8962792988895671,
      2.1640995544948964,
      2.6479312734009,
      2.429501376747794,
      2.092048669415817,
      2.7909607619549206,
      2.103562509506446,
      2.3516398491192376,
      2.7206915443566686,
      2.4119727311626775,
      2.255785866989754,
      2.1527765200080466,
      2.2720357697835425,
      2.3121307549008634,
      2.276320352757466,
      2.166409020050196
    ],
    "learning_rate": [
      0.001,
      0.001,
      0.001,
      0.001,
      0.001,
      0.001,
      0.001,
      0.0005,
      0.0005,
      0.0005,
      0.0005,
      0.0005,
      0.0005,
      0.0005,
      0.0005,
      0.0005,
      0.00025,
      0.00025,
      0.00025,
      0.00025,
      0.00025,
      0.00025,
      0.00025,
      0.00025,
      0.00025,
      0.00025,
      0.000125,
      0.000125,
      0.000125,
      0.000125,
      0.000125,
      0.000125,
      6.25e-05,
      6.25e-05,
      6.25e-05,
      6.25e-05
    ],